CUSTOMER_ID,FULL_NAME,EMAIL_ADDRESS
286,Wilfred Welch,wilfred.welch@internalmail
287,Kristina Nunez,kristina.nunez@internalmail
288,Mable Ballard,mable.ballard@internalmail
289,Diane Wilkerson,diane.wilkerson@internalmail
290,Sheryl Banks,sheryl.banks@internalmail
291,Opal Cruz,opal.cruz@internalmail
292,Dale Hughes,dale.hughes@internalmail
293,Diana Fowler,diana.fowler@internalmail
294,Travis Schwartz,travis.schwartz@internalmail
295,Anthony Boone,anthony.boone@internalmail
296,Tim Harmon,tim.harmon@internalmail
297,Kristin Brooks,kristin.brooks@internalmail
298,Kathy Dennis,kathy.dennis@internalmail
299,Vickie James,vickie.james@internalmail
300,Sandra Bass,sandra.bass@internalmail
301,Nelson Tate,nelson.tate@internalmail
302,Tiffany Pena,tiffany.pena@internalmail
303,Jeannette Hunt,jeannette.hunt@internalmail
304,Willie Cunningham,willie.cunningham@internalmail
305,Paulette Byrd,paulette.byrd@internalmail
306,Tasha Cobb,tasha.cobb@internalmail
307,Eloise Burton,eloise.burton@internalmail
308,Felix Fox,felix.fox@internalmail
309,Gary Barton,gary.barton@internalmail
310,Tracy Mcbride,tracy.mcbride@internalmail
311,Lorita Koenig,lorita.koenig@internalmail
312,Kaleigh Meade,kaleigh.meade@internalmail
313,Lexie Magee,lexie.magee@internalmail
314,Landon Neville,landon.neville@internalmail
315,Lillia Talbott,lillia.talbott@internalmail
316,Dinah Paredes,dinah.paredes@internalmail
317,Mercy Whiting,mercy.whiting@internalmail
318,Thomas Huddleston,thomas.huddleston@internalmail
319,Rubi Carlisle,rubi.carlisle@internalmail
320,Vivien Cameron,vivien.cameron@internalmail
321,Maia Leggett,maia.leggett@internalmail
322,Florencia Kohler,florencia.kohler@internalmail
323,Lucila Heck,lucila.heck@internalmail
324,Kendrick Caraballo,kendrick.caraballo@internalmail
325,Annemarie Pinckney,annemarie.pinckney@internalmail
326,Carmella Avalos,carmella.avalos@internalmail
327,Jules Ruffin,jules.ruffin@internalmail
328,Tish Stapleton,tish.stapleton@internalmail
329,Elin Seidel,elin.seidel@internalmail
330,Shawn Sorenson,shawn.sorenson@internalmail
331,Winfred August,winfred.august@internalmail
332,Virgie Breeden,virgie.breeden@internalmail
333,Ericka Oconner,ericka.oconner@internalmail
334,Cheree Kemp,cheree.kemp@internalmail
335,Rayford Salley,rayford.salley@internalmail
336,Zulma Olds,zulma.olds@internalmail
337,Salena Wadsworth,salena.wadsworth@internalmail
338,Mohammad Cervantes,mohammad.cervantes@internalmail
339,Tanja Vanover,tanja.vanover@internalmail
340,Lonnie Colby,lonnie.colby@internalmail
341,Monte Calloway,monte.calloway@internalmail
342,Melisa Banda,melisa.banda@internalmail
343,Gisela Costello,gisela.costello@internalmail
344,Libby Krauss,libby.krauss@internalmail
345,Mireille Pauley,mireille.pauley@internalmail
346,Hassie Grogan,hassie.grogan@internalmail
347,Chi Mcwhorter,chi.mcwhorter@internalmail
348,Connie Delagarza,connie.delagarza@internalmail
349,Britney Gable,britney.gable@internalmail
350,Lorilee Bautista,lorilee.bautista@internalmail
351,Anisa Kurtz,anisa.kurtz@internalmail
352,Maryalice Evers,maryalice.evers@internalmail
353,Andria Myles,andria.myles@internalmail
354,Dede Bundy,dede.bundy@internalmail
355,Twila Hilliard,twila.hilliard@internalmail
356,Gene Mcginnis,gene.mcginnis@internalmail
357,Shaquana Carney,shaquana.carney@internalmail
358,Gita Dobbs,gita.dobbs@internalmail
359,Dorathy Hutchings,dorathy.hutchings@internalmail
360,Shirley Ward,shirley.ward@internalmail
361,Frank Perez,frank.perez@internalmail
362,Barbara Allen,barbara.allen@internalmail
363,Justin King,justin.king@internalmail
364,Harold Griffin,harold.griffin@internalmail
365,Jeffrey Coleman,jeffrey.coleman@internalmail
366,Margaret Bennett,margaret.bennett@internalmail
367,Cheryl Phillips,cheryl.phillips@internalmail
368,Joan Miller,joan.miller@internalmail
369,Chris Powell,chris.powell@internalmail
370,Russell Rivera,russell.rivera@internalmail
371,Nancy Hall,nancy.hall@internalmail
372,Gerald Evans,gerald.evans@internalmail
373,Jennifer Cooper,jennifer.cooper@internalmail
374,Irene Moore,irene.moore@internalmail
375,Sean Adams,sean.adams@internalmail
376,Stephen Butler,stephen.butler@internalmail
377,Adam Martinez,adam.martinez@internalmail
378,Angela Bailey,angela.bailey@internalmail
379,Pamela Gonzalez,pamela.gonzalez@internalmail
380,Arthur Hill,arthur.hill@internalmail
381,Jesse Nelson,jesse.nelson@internalmail
382,Stephanie Jones,stephanie.jones@internalmail
383,Robert Simmons,robert.simmons@internalmail
384,Denise White,denise.white@internalmail
385,Theresa Wilson,theresa.wilson@internalmail
386,Andrea James,andrea.james@internalmail
387,Steven Brown,steven.brown@internalmail
388,Nicholas Diaz,nicholas.diaz@internalmail
389,Justin Bailey,justin.bailey@internalmail
390,Pamela Alexander,pamela.alexander@internalmail
391,Edward Coleman,edward.coleman@internalmail
392,Adam Miller,adam.miller@internalmail
1,Tammy Bryant,tammy.bryant@internalmail
2,Roy White,roy.white@internalmail
3,Gary Jenkins,gary.jenkins@internalmail
4,Victor Morris,victor.morris@internalmail
5,Beverly Hughes,beverly.hughes@internalmail
6,Evelyn Torres,evelyn.torres@internalmail
7,Carl Lee,carl.lee@internalmail
8,Douglas Flores,douglas.flores@internalmail
9,Norma Robinson,norma.robinson@internalmail
10,Gregory Sanchez,gregory.sanchez@internalmail
11,Judy Evans,judy.evans@internalmail
12,Jean Patterson,jean.patterson@internalmail
13,Michelle Ramirez,michelle.ramirez@internalmail
14,Elizabeth Martinez,elizabeth.martinez@internalmail
15,Walter Rogers,walter.rogers@internalmail
16,Ralph Foster,ralph.foster@internalmail
17,Tina Simmons,tina.simmons@internalmail
18,Peter Jones,peter.jones@internalmail
19,Kathryn Rogers,kathryn.rogers@internalmail
20,Dennis Lopez,dennis.lopez@internalmail
21,Martha Baker,martha.baker@internalmail
22,Raymond Bailey,raymond.bailey@internalmail
23,Christopher Allen,christopher.allen@internalmail
24,Jonathan Coleman,jonathan.coleman@internalmail
25,Walter Turner,walter.turner@internalmail
26,Anna Murphy,anna.murphy@internalmail
27,Carol Alexander,carol.alexander@internalmail
28,Teresa Brown,teresa.brown@internalmail
29,Beverly Rivera,beverly.rivera@internalmail
30,Lisa Hughes,lisa.hughes@internalmail
31,Deborah Taylor,deborah.taylor@internalmail
32,Cheryl Young,cheryl.young@internalmail
33,Carolyn Wood,carolyn.wood@internalmail
34,Patricia Robinson,patricia.robinson@internalmail
35,Joshua Nelson,joshua.nelson@internalmail
36,Mary Barnes,mary.barnes@internalmail
37,Sandra Bennett,sandra.bennett@internalmail
38,Jack Brooks,jack.brooks@internalmail
39,Harry Powell,harry.powell@internalmail
40,Ernest Foster,ernest.foster@internalmail
41,Jeremy Howard,jeremy.howard@internalmail
42,Adam Walker,adam.walker@internalmail
43,Michael Marker,michael.marker@internalmail
44,Kris Krill,kris.krill@internalmail
45,Fred Fontain,fred.fontain@internalmail
46,Alwin Elliott,alwin.elliott@internalmail
47,Finian Park,finian.park@internalmail
48,Florencia Hopkins,florencia.hopkins@internalmail
49,Kaija Crawford,kaija.crawford@internalmail
50,Kimiko Brien,kimiko.brien@internalmail
51,Michael Harris,michael.harris@internalmail
52,Lola Whitley,lola.whitley@internalmail
53,Witney Rockwell,witney.rockwell@internalmail
54,Kellan Ye,kellan.ye@internalmail
55,Michael Kim,michael.kim@internalmail
56,Tamika Hu,tamika.hu@internalmail
57,Michael Smith,michael.smith@internalmail
58,Shamira Jones,shamira.jones@internalmail
59,Debbie Sawbridge,debbie.sawbridge@internalmail
60,Clair Maldonado,clair.maldonado@internalmail
61,Pedro Aenlo,pedro.aenlo@internalmail
62,Nus Biollix,nus.biollix@internalmail
63,Eva Ogatius,eva.ogatius@internalmail
64,Harriet Auxus,harriet.auxus@internalmail
65,Domingo Morano,domingo.morano@internalmail
66,Glaubo Rinnaia,glaubo.rinnaia@internalmail
67,Roberto Sipaia,roberto.sipaia@internalmail
68,Emilio Sessaia,emilio.sessaia@internalmail
69,Felix Auvacia,felix.auvacia@internalmail
70,Santiago Vautus,santiago.vautus@internalmail
71,Eduardo Flignia,eduardo.flignia@internalmail
72,Raul Haelfeius,raul.haelfeius@internalmail
73,Carlos Maza,carlos.maza@internalmail
74,Alex Loera,alex.loera@internalmail
75,Oscar Moye,oscar.moye@internalmail
76,Daniella Almonte,daniella.almonte@internalmail
77,Paz Montilla,paz.montilla@internalmail
78,Gricelda Luebbers,gricelda.luebbers@internalmail
79,Dean Bollich,dean.bollich@internalmail
80,Milo Manoni,milo.manoni@internalmail
81,Laurice Karl,laurice.karl@internalmail
82,August Rupel,august.rupel@internalmail
83,Salome Guisti,salome.guisti@internalmail
84,Lovie Ritacco,lovie.ritacco@internalmail
85,Chaya Greczkowski,chaya.greczkowski@internalmail
86,Twila Coolbeth,twila.coolbeth@internalmail
87,Carlotta Achenbach,carlotta.achenbach@internalmail
88,Jeraldine Audet,jeraldine.audet@internalmail
89,August Arouri,august.arouri@internalmail
90,Ward Stepney,ward.stepney@internalmail
91,Ayana Barkhurst,ayana.barkhurst@internalmail
92,Luana Berends,luana.berends@internalmail
93,Lecia Alvino,lecia.alvino@internalmail
94,Joleen Himmelmann,joleen.himmelmann@internalmail
95,Monty Kinnamon,monty.kinnamon@internalmail
96,Dania Grizzard,dania.grizzard@internalmail
97,Inez Yamnitz,inez.yamnitz@internalmail
98,Fidel Creps,fidel.creps@internalmail
99,Luis Pothoven,luis.pothoven@internalmail
100,Bernardo Phoenix,bernardo.phoenix@internalmail
101,Carolyne Centore,carolyne.centore@internalmail
102,Cornell Pratico,cornell.pratico@internalmail
103,Sam Rueb,sam.rueb@internalmail
104,Shakita Sablock,shakita.sablock@internalmail
105,Sandy Heffren,sandy.heffren@internalmail
106,Tressa Coppens,tressa.coppens@internalmail
107,Shira Arocho,shira.arocho@internalmail
108,Carter Sacarello,carter.sacarello@internalmail
109,Linda Merida,linda.merida@internalmail
110,Winfred Sohn,winfred.sohn@internalmail
111,Nestor Caparros,nestor.caparros@internalmail
112,Brooks Craker,brooks.craker@internalmail
113,Ruthann Nixa,ruthann.nixa@internalmail
114,Kenny Campobasso,kenny.campobasso@internalmail
115,Hildred Donnel,hildred.donnel@internalmail
116,Luther Ardinger,luther.ardinger@internalmail
117,Rhoda Hasfjord,rhoda.hasfjord@internalmail
118,Cori Ablin,cori.ablin@internalmail
119,Reinaldo Feltner,reinaldo.feltner@internalmail
120,Coralee Acerno,coralee.acerno@internalmail
121,Katherine Tagg,katherine.tagg@internalmail
122,Lenore Sullivan,lenore.sullivan@internalmail
123,erda Sheer,erda.sheer@internalmail
124,Pete Chevis,pete.chevis@internalmail
125,Joseph Wilke,joseph.wilke@internalmail
126,Nella Rupnick,nella.rupnick@internalmail
127,Azalee Goodwater,azalee.goodwater@internalmail
128,Stefany Waninger,stefany.waninger@internalmail
129,Arron Waclawski,arron.waclawski@internalmail
130,Boyd Rearden,boyd.rearden@internalmail
131,Erasmo Riviera,erasmo.riviera@internalmail
132,Ambrose Hiday,ambrose.hiday@internalmail
133,Horacio Rainbolt,horacio.rainbolt@internalmail
134,Taylor Cauchon,taylor.cauchon@internalmail
135,Marc Domanski,marc.domanski@internalmail
136,Kaylene Lusco,kaylene.lusco@internalmail
137,Norris Michener,norris.michener@internalmail
138,Rob Kempt,rob.kempt@internalmail
139,Elaine Moncure,elaine.moncure@internalmail
140,Joshua Disano,joshua.disano@internalmail
141,Lai Kurtich,lai.kurtich@internalmail
142,Lucas Summerill,lucas.summerill@internalmail
143,Vincent Hibberd,vincent.hibberd@internalmail
144,Sharla Topper,sharla.topper@internalmail
145,Andrew Schieferstein,andrew.schieferstein@internalmail
146,Rey Wada,rey.wada@internalmail
147,Jonell Pecatoste,jonell.pecatoste@internalmail
148,Kurtis Parham,kurtis.parham@internalmail
149,Quinn Yerdon,quinn.yerdon@internalmail
150,Meg Vetterkind,meg.vetterkind@internalmail
151,Alex Binette,alex.binette@internalmail
152,Ali Brengle,ali.brengle@internalmail
153,Jaimee Gammons,jaimee.gammons@internalmail
154,Alva Halajian,alva.halajian@internalmail
155,Latoria Siprasoeuth,latoria.siprasoeuth@internalmail
156,Merlyn Summerford,merlyn.summerford@internalmail
157,Nelson Koschnitzki,nelson.koschnitzki@internalmail
158,Adeline Iannotti,adeline.iannotti@internalmail
159,Saul Mokry,saul.mokry@internalmail
160,Laveta Wida,laveta.wida@internalmail
161,Dexter Petiet,dexter.petiet@internalmail
162,Chet Morano,chet.morano@internalmail
163,Jannie Thibideau,jannie.thibideau@internalmail
164,Janey Fornell,janey.fornell@internalmail
165,Gerda Bartha,gerda.bartha@internalmail
166,Kristina Livshits,kristina.livshits@internalmail
167,Matilda Toedebusch,matilda.toedebusch@internalmail
168,Ami Dardar,ami.dardar@internalmail
169,Desmond Lifschitz,desmond.lifschitz@internalmail
170,Marco Slivka,marco.slivka@internalmail
171,Danica Riogas,danica.riogas@internalmail
172,Cathey Salen,cathey.salen@internalmail
173,Tabetha Florentino,tabetha.florentino@internalmail
174,Daisy Liddicoat,daisy.liddicoat@internalmail
175,Jacklyn Niskala,jacklyn.niskala@internalmail
176,Herb Tammen,herb.tammen@internalmail
177,Verlie Ashland,verlie.ashland@internalmail
178,Jacklyn Clippard,jacklyn.clippard@internalmail
179,Verlie Bekerman,verlie.bekerman@internalmail
180,Teisha Grimstead,teisha.grimstead@internalmail
181,Scotty Goffredo,scotty.goffredo@internalmail
182,Nelson Golz,nelson.golz@internalmail
183,Jewel Clippard,jewel.clippard@internalmail
184,Rudolph Bekerman,rudolph.bekerman@internalmail
185,Laurice Grimstead,laurice.grimstead@internalmail
186,Laurice Goffredo,laurice.goffredo@internalmail
187,Scotty R Goffredo,scotty.r.goffredo@internalmail
188,Emmett Golz,emmett.golz@internalmail
189,Norman Lobregat,norman.lobregat@internalmail
190,Tim Blasingim,tim.blasingim@internalmail
191,Brandy Genco,brandy.genco@internalmail
192,Jewel Pedroncelli,jewel.pedroncelli@internalmail
193,Verda Puchalla,verda.puchalla@internalmail
194,Norman Simon Lobregat,norman.s.lobregat@internalmail
195,Tim Dominic Blasingim,tim.d.blasingim@internalmail
196,Tim Genco,tim.genco@internalmail
197,Hung Pedroncelli,hung.pedroncelli@internalmail
198,Loyd Puchalla,loyd.puchalla@internalmail
199,Eustolia Temores,eustolia.temores@internalmail
200,Jessika Doorn,jessika.doorn@internalmail
201,Marvis Chou,marvis.chou@internalmail
202,Loyd Huckeba,loyd.huckeba@internalmail
203,Leon Schoepfer,leon.schoepfer@internalmail
204,Luigi Nored,luigi.nored@internalmail
205,Thaddeus Geneseo,thaddeus.geneseo@internalmail
206,Casey Chestand,casey.chestand@internalmail
207,Pete Carvallo,pete.carvallo@internalmail
208,Angel Sakoda,angel.sakoda@internalmail
209,Donnell Huttle,donnell.huttle@internalmail
210,Tyler Curlee,tyler.curlee@internalmail
211,Markita Larner,markita.larner@internalmail
212,Chante Parez,chante.parez@internalmail
213,Alvin Gagner,alvin.gagner@internalmail
214,Richard Howard,richard.howard@internalmail
215,Donna Foster,donna.foster@internalmail
216,Ruth Robinson,ruth.robinson@internalmail
217,William Diaz,william.diaz@internalmail
218,Susan Jenkins,susan.jenkins@internalmail
219,Carol Barnes,carol.barnes@internalmail
220,Sarah Murphy,sarah.murphy@internalmail
221,Dorothy Gray,dorothy.gray@internalmail
222,Ruth Graham,ruth.graham@internalmail
223,Robert West,robert.west@internalmail
224,Carol Metrick,carol.metrick@internalmail
225,Li Robleto,li.robleto@internalmail
226,Bert Takes,bert.takes@internalmail
227,Son McLagan,son.mclagan@internalmail
228,Van Seaforth,van.seaforth@internalmail
229,Florance Bateman,florance.bateman@internalmail
230,Bridgette Crevier,bridgette.crevier@internalmail
231,Murray Vicario,murray.vicario@internalmail
232,Loris Thibadeau,loris.thibadeau@internalmail
233,Lakia Fitzen,lakia.fitzen@internalmail
234,Angelo Carreon,angelo.carreon@internalmail
235,Collene Guderjahn,collene.guderjahn@internalmail
236,Trenton Stoermer,trenton.stoermer@internalmail
237,Barry Tolliver,barry.tolliver@internalmail
238,Lloyd Shackley,lloyd.shackley@internalmail
239,Luciano Lingenfelter,luciano.lingenfelter@internalmail
240,Edmund Hikel,edmund.hikel@internalmail
241,Jolene Johannesen,jolene.johannesen@internalmail
242,Raymon Survant,raymon.survant@internalmail
243,Reyes Paczkowski,reyes.paczkowski@internalmail
244,Freddie Kirkhart,freddie.kirkhart@internalmail
245,Jamison Scrobola,jamison.scrobola@internalmail
246,Rasheeda Teegarden,rasheeda.teegarden@internalmail
247,Haywood Burd,haywood.burd@internalmail
248,Eldon Lannon,eldon.lannon@internalmail
249,Marissa Pontius,marissa.pontius@internalmail
250,Otha Murton,otha.murton@internalmail
251,Dannie McCoin,dannie.mccoin@internalmail
252,Trey Gorham,trey.gorham@internalmail
253,Nanci Bunt,nanci.bunt@internalmail
254,Will Parliman,will.parliman@internalmail
255,Justin Dorff,justin.dorff@internalmail
256,Wyatt Tschache,wyatt.tschache@internalmail
257,Chong Carpinelli,chong.carpinelli@internalmail
258,Adan Lamica,adan.lamica@internalmail
259,Beckie Lagrenade,beckie.lagrenade@internalmail
260,Jacques Bartash,jacques.bartash@internalmail
261,Buster Landin,buster.landin@internalmail
262,Kendrick McMurtrey,kendrick.mcmurtrey@internalmail
263,Jerrell Kereluk,jerrell.kereluk@internalmail
264,Monroe Braylock,monroe.braylock@internalmail
265,Anderson Keaffaber,anderson.keaffaber@internalmail
266,Love Whistlehunt,love.whistlehunt@internalmail
267,Petrina Gummo,petrina.gummo@internalmail
268,Jeremiah Nuanes,jeremiah.nuanes@internalmail
269,Shon Capetl,shon.capetl@internalmail
270,Chasidy Fetui,chasidy.fetui@internalmail
271,Dorsey Arking,dorsey.arking@internalmail
272,Dagny Bumatay,dagny.bumatay@internalmail
273,Elden Arancibia,elden.arancibia@internalmail
274,Broderick Dourado,broderick.dourado@internalmail
275,Elden Bufton,elden.bufton@internalmail
276,Chassidy Hinderaker,chassidy.hinderaker@internalmail
277,Broderick Faur,broderick.faur@internalmail
278,Jewel Ginnery,jewel.ginnery@internalmail
279,James Williams,james.williams@internalmail
280,James Wilson,james.wilson@internalmail
281,Mary Wilson,mary.wilson@internalmail
282,Patricia Wilson,patricia.wilson@internalmail
283,James Smith,james.smith@internalmail
284,Zavert Zimmer,zavert.zimmer@internalmail
285,Albert Altmeer,albert.altmeer@internalmail